,age,gender,topic_1,topic_2,topic_3,topic_4,topic_5,topic_6
0,16,1,"['любить', 'хороший', 'id', 'день', 'любовь', 'друг', 'com', 'любимый', 'http', 'знать']",,,,,
1,16,2,"['http', 'любить', 'com', 'id', 'друг', 'ru', 'vk', 'день', 'хороший', 'писать']",,,,,
2,17,1,"['любить', 'любовь', 'день', 'хороший', 'id', 'знать', 'рождение', 'друг', 'тобой', 'человек']",,,,,
3,17,2,"['любить', 'http', 'com', 'id', 'день', 'друг', 'хороший', 'ru', 'тобой', 'знать']",,,,,
4,18,1,"['любить', 'день', 'хороший', 'id', 'любовь', 'рождение', 'com', 'http', 'знать', 'друг']",,,,,
5,18,2,"['http', 'id', 'любить', 'ru', 'день', 'vkontakte', 'друг', 'com', 'хороший', 'новый']",,,,,
6,19,1,"['любить', 'день', 'хороший', 'любовь', 'com', 'id', 'http', 'рождение', 'человек', '_']",,,,,
7,19,2,"['любить', 'http', 'день', 'com', 'хороший', 'id', 'любовь', 'друг', 'новый', 'ru']",,,,,
8,20,1,"['любить', 'день', 'com', 'http', 'хороший', 'любовь', 'id', 'рождение', 'друг', 'новый']",,,,,
9,20,2,"['любить', 'http', 'день', 'com', 'друг', 'хороший', 'id', 'ru', 'ждать', 'любовь']",,,,,
10,21,2,"['день', 'http', 'любить', 'хороший', 'com', 'друг', 'id', '_', 'новый', 'ru']",,,,,
11,38,1,"['com', 'https', 'день', 'друг', 'любить', 'vk', 'новый', 'цена', 'http', '_']",,,,,
12,38,2,"['http', 'ru', 'com', 'https', 'друг', '_', 'www', 'новый', 'день', 'хороший']",,,,,
13,39,1,"['com', 'любить', 'день', 'друг', 'https', 'vk', 'http', '_', 'новый', 'цена']",,,,,
14,39,2,"['http', 'com', 'ru', 'https', 'www', 'друг', '_', 'новый', 'хороший', 'день']",,,,,
15,40,1,"['com', 'http', 'друг', 'https', 'день', 'любовь', 'любить', '_', 'ru', 'новый']",,,,,
16,40,2,"['http', 'com', 'ru', 'https', 'www', 'друг', 'новый', 'день', '_', 'хороший']",,,,,
17,41,1,"['com', 'https', 'любить', 'друг', 'день', 'любовь', 'новый', 'http', 'цена', 'vk']",,,,,
18,41,2,"['http', 'ru', 'com', 'https', 'www', 'друг', 'новый', 'день', '_', 'хороший']",,,,,
19,42,1,"['com', 'https', 'друг', 'любить', 'день', 'vk', 'http', 'новый', 'любовь', 'хороший']",,,,,
20,42,2,"['http', 'ru', 'com', 'https', 'www', 'друг', 'новый', 'человек', '_', 'amp']",,,,,
21,43,1,"['com', 'http', 'день', 'https', 'друг', 'vk', 'любить', 'новый', 'ru', 'любовь']",,,,,
22,43,2,"['https', 'http', 'com', 'ru', 'www', 'друг', 'новый', 'день', '_', 'человек']",,,,,
23,45,1,"['com', 'человек', 'любовь', 'любить', 'друг', 'https', 'новый', 'день', 'помогать', 'каждый']",,,,,
24,58,1,"['com', 'день', 'http', 'https', 'vk', 'ru', 'любовь', 'друг', 'новый', 'помогать']",,,,,
25,58,2,"['https', 'ru', 'http', 'com', 'страна', 'путин', 'новый', 'украина', 'www', 'день']",,,,,
26,59,1,"['com', 'http', 'день', 'vk', 'друг', 'любовь', 'https', 'ru', 'хороший', 'рождение']",,,,,
27,60,1,"['любить', 'мамочка', 'день', 'любовь', 'http', 'com', 'ru', 'хороший', 'друг', 'новый']",,,,,
28,60,2,"['http', 'ru', 'com', 'https', 'день', 'новый', 'армения', 'друг', 'видео', '_']",,,,,
29,61,1,"['com', 'vk', 'http', 'рецепт', 'день', 'ru', 'любовь', 'https', 'друг', 'app']",,,,,
30,61,2,"['http', 'армения', 'ru', 'com', 'art', 'изображение', 'https', 'press', '_ ', 'страна']",,,,,
31,62,1,"['com', 'https', 'день', 'ru', 'www', 'друг', 'http', 'любовь', 'пусть', 'vk']",,,,,
32,62,2,"['http', 'com', 'ru', 'путин', 'https', 'www', '_', 'amp', 'art', 'украина']",,,,,
33,63,1,"['любить', 'http', 'ru', 'любовь', 'com', 'сердце', 'день', 'https', 'друг', 'www']",,,,,
34,16,1,"['com', 'http', 'купить', 'vk', 'завтра', 'лизун', 'реакция', 'школа', 'че', '_']","['любить', 'хороший', 'id', 'день', 'любовь', 'друг', 'любимый', 'знать', 'забывать', 'рождение']",,,,
35,16,2,"['http', 'com', 'id', 'ru', 'vk', 'https', '_', 'лс', 'группа', 'видео']","['любить', 'день', 'хороший', 'друг', 'знать', 'новый', 'любовь', 'че', 'человек', 'думать']",,,,
36,17,1,"['любить', 'любовь', 'хороший', 'знать', 'друг', 'тобой', 'человек', 'самый', 'завтра', 'ждать']","['день', 'id', 'рождение', 'com', 'http', '_', 'новый', 'поздравлять', 'желать', 'vk']",,,,
37,17,2,"['любить', 'день', 'хороший', 'друг', 'тобой', 'знать', 'думать', 'рождение', 'любовь', 'че']","['http', 'com', 'id', 'ru', 'vk', '_', 'группа', 'https', 'игра', 'лс']",,,,
38,18,1,"['любить', 'любовь', 'хороший', 'знать', 'человек', 'друг', 'тобой', 'ждать', 'самый', 'сеичас']","['день', 'id', 'рождение', 'com', 'http', 'новый', '_', 'желать', 'счастие', 'vk']",,,,
39,18,2,"['http', 'id', 'ru', 'vkontakte', 'com', 'че', '_', 'vk', 'https', 'группа']","['любить', 'день', 'хороший', 'друг', 'знать', 'любовь', 'рождение', 'новый', 'девушка', 'думать']",,,,
40,19,1,"['любить', 'день', 'хороший', 'любовь', 'рождение', 'человек', 'знать', 'самый', 'любимый', 'друг']","['com', 'id', 'http', '_', 'vk', 'instagram', 'https', 'ru', 'эстафета', 'лс']",,,,
41,19,2,"['любить', 'день', 'хороший', 'любовь', 'друг', 'рождение', 'знать', 'новый', 'ждать', 'человек']","['http', 'com', 'id', 'ru', '_', 'vk', 'https', 'группа', 'игра', 'лс']",,,,
42,20,1,"['com', 'http', 'id', '_', 'instagram', 'vk', 'цена', 'группа', 'https', 'ru']","['любить', 'день', 'хороший', 'любовь', 'рождение', 'друг', 'любимый', 'человек', 'ждать', 'самый']",,,,
43,20,2,"['любить', 'день', 'хороший', 'друг', 'любовь', 'рождение', 'человек', 'ждать', 'знать', 'новый']","['http', 'com', 'id', 'ru', '_', 'vk', 'кг', 'https', 'группа', 'цена']",,,,
44,21,2,"['http', 'com', 'id', '_', 'ru', 'vk', 'https', 'игра', 'группа', 'amp']","['день', 'любить', 'хороший', 'рождение', 'любовь', 'друг', 'человек', 'знать', 'девушка', 'новый']",,,,
45,38,1,"['com', 'https', 'vk', 'http', '_', 'ru', 'id', 'группа', 'www', 'пушкин']","['день', 'любить', 'любовь', 'друг', 'хороший', 'новый', 'цена', 'помогать', 'ребенок', 'размер']",,,,
46,38,2,"['http', 'ru', 'com', 'https', '_', 'www', 'vk', 'цена', 'id', 'html']","['друг', 'день', 'человек', 'хороший', 'новый', 'какой', 'любовь', 'каждый', 'любить', 'сеичас']",,,,
47,39,1,"['любить', 'день', 'друг', 'любовь', 'новый', 'хороший', 'ребенок', 'ждать', 'рождение', 'помогать']","['com', 'https', 'vk', 'http', '_', 'цена', 'ru', 'размер', 'крем', 'мыло']",,,,
48,39,2,"['http', 'com', 'ru', 'https', 'www', '_', 'vk', 'видео', 'id', 'группа']","['день', 'хороший', 'друг', 'человек', 'любить', 'каждый', 'любовь', 'людей', 'сеичас', 'новый']",,,,
49,40,1,"['день', 'любовь', 'любить', 'друг', 'ребенок', 'каждый', 'рождение', 'хороший', 'праздник', 'новый']","['com', 'http', 'https', '_', 'ru', 'vk', 'цена', 'id', 'размер', 'www']",,,,
50,40,2,"['http', 'com', 'ru', 'https', 'www', '_', 'vk', 'id', 'видео', 'цена']","['день', 'человек', 'друг', 'хороший', 'любовь', 'любить', 'какой', 'каждый', 'сеичас', 'новый']",,,,
51,41,1,"['com', 'https', 'http', 'цена', 'vk', 'ru', '_', 'www', 'размер', 'подарок']","['любить', 'день', 'любовь', 'друг', 'рождение', 'ребенок', 'помогать', 'человек', 'каждый', 'хороший']",,,,
52,41,2,"['http', 'ru', 'com', 'https', 'www', '_', 'vk', 'id', 'youtube', 'группа']","['друг', 'день', 'человек', 'хороший', 'любовь', 'любить', 'какой', 'каждый', 'сеичас', 'новый']",,,,
53,42,1,"['com', 'https', 'vk', 'http', 'ru', '_', 'цена', 'amp', 'www', 'размер']","['друг', 'любить', 'день', 'любовь', 'новый', 'хороший', 'ребенок', 'человек', 'рождение', 'каждый']",,,,
54,42,2,"['друг', 'человек', 'день', 'любовь', 'хороший', 'любить', 'думать', 'каждый', 'праздник', 'какой']","['http', 'ru', 'com', 'https', 'www', '_', 'amp', 'id', 'видео', 'youtube']",,,,
55,43,1,"['день', 'любить', 'друг', 'любовь', 'хороший', 'помогать', 'рождение', 'человек', 'ребенок', 'пусть']","['com', 'http', 'https', 'vk', 'ru', '_', 'цена', 'id', 'размер', 'www']",,,,
56,43,2,"['человек', 'новость', 'беларусь', 'страна', 'сеичас', 'любовь', 'украина', 'www', 'каждый', 'какой']","['http', 'com', 'ru', 'https', 'www', 'день', 'друг', '_', 'html', 'новый']",,,,
57,45,1,"['человек', 'ребенок', 'каждый', 'любовь', 'какой', 'новый', 'сеичас', 'который', 'своеи', 'помогать']","['com', 'vk', 'день', 'любить', 'девочка', 'https', '_', 'цена', 'друг', 'собака']",,,,
58,58,1,"['день', 'любовь', 'друг', 'поздравлять', 'здоровье', 'рождение', 'любить', 'пусть', 'праздник', 'хороший']","['com', 'http', 'https', 'vk', 'ru', '_', 'www', 'видео', 'украина', 'новость']",,,,
59,58,2,"['https', 'ru', 'http', 'com', 'путин', 'украина', 'www', 'страна', '_', 'область']","['друг', 'день', 'любовь', 'человек', 'хороший', 'какой', 'праздник', 'каждый', 'людей', 'жить']",,,,
60,59,1,"['http', 'https', 'ru', 'com', '_', 'www', 'видео', 'рецепт', 'проект', 'youtube']","['день', 'любовь', 'друг', 'vk', 'рождение', 'любить', 'хороший', 'com', 'пусть', 'здоровье']",,,,
61,60,1,"['любить', 'мамочка', 'день', 'любовь', 'друг', 'хороший', 'новый', 'рождение', 'здоровье', 'дорогой']","['http', 'com', 'ru', 'https', 'рецепт', 'vk', '_', 'открытка', 'www', 'youtube']",,,,
62,60,2,"['com', 'друг', 'день', 'https', 'youtube', 'смотреть', 'любовь', 'видео', 'хороший', 'art']","['http', 'ru', 'армения', 'страна', 'путин', 'область', 'раион', 'украина', 'https', 'воин']",,,,
63,61,1,"['рецепт', 'http', 'com', 'ru', 'https', 'простой', 'пирог', 'vk', 'www', 'вкусный']","['день', 'vk', 'любовь', 'com', 'друг', 'app', 'рождение', 'любить', 'пусть', 'здоровье']",,,,
64,61,2,"['http', 'com', 'https', 'ru', 'art', 'видео', '_', 'www', 'друг', 'день']","['армения', 'изображение', 'новость', 'страна', 'press', 'заголовок', 'сообщать', 'ru', 'президент', 'feed']",,,,
65,62,1,"['день', 'любовь', 'друг', 'пусть', 'рецепт', 'рождение', 'любить', 'здоровье', 'праздник', 'поздравлять']","['com', 'https', 'ru', 'www', 'http', 'vk', '_', 'facebook', 'be', 'youtube']",,,,
66,62,2,"['день', 'друг', 'русский', 'новый', 'любовь', 'человек', 'фото', 'хороший', 'какой', 'сеичас']","['http', 'com', 'ru', 'путин', 'https', 'www', '_', 'amp', 'art', 'украина']",,,,
67,63,1,"['любить', 'любовь', 'сердце', 'день', 'пусть', 'друг', 'хороший', 'тобой', 'добрый', 'радость']","['http', 'ru', 'com', 'https', 'www', 'vk', '_', 'playcast', 'класс', 'youtube']",,,,
68,16,1,"['com', 'http', 'купить', 'vk', 'лизун', 'реакция', '_', 'группа', 'фото', 'редактор']","['любить', 'хороший', 'id', 'день', 'любовь', 'друг', 'любимый', 'забывать', 'рождение', 'человек']","['завтра', 'школа', 'че', 'писать', 'нравиться', 'смотреть', 'тя', 'написать', 'спать', 'хд']",,,
69,16,2,"['любить', 'день', 'хороший', 'друг', 'новый', 'знать', 'любовь', 'человек', 'думать', 'ждать']","['че', 'завтра', 'купить', 'бля', 'цена', 'спать', 'ава', 'фильм', 'сука', 'хд']","['http', 'com', 'id', 'ru', 'vk', 'писать', 'https', '_', 'игра', 'лс']",,,
70,17,1,"['завтра', 'писать', 'че', 'спать', 'написать', 'фотка', 'песня', 'смотреть', 'какой', 'нравиться']","['id', 'com', 'http', '_', 'vk', 'gt', 'lt', 'группа', 'ru', 'amp']","['любить', 'любовь', 'день', 'хороший', 'рождение', 'знать', 'тобой', 'друг', 'человек', 'самый']",,,
71,17,2,"['любить', 'день', 'друг', 'хороший', 'рождение', 'новый', 'писать', 'девушка', 'ждать', 'самый']","['http', 'com', 'id', 'ru', 'vk', '_', 'группа', 'https', 'игра', 'лс']","['тобой', 'знать', 'думать', 'любовь', 'че', 'забывать', 'человек', 'завтра', 'оставаться', 'нужный']",,,
72,18,1,"['com', 'знать', 'завтра', 'думать', 'сеичас', '_', 'смотреть', 'нужный', 'какой', 'vk']","['id', 'http', 'песня', 'ru', 'фото', 'фильм', 'волос', 'цена', 'видео', 'выбирать']","['любить', 'день', 'хороший', 'любовь', 'рождение', 'друг', 'человек', 'тобой', 'ждать', 'самый']",,,
73,18,2,"['любить', 'день', 'хороший', 'че', 'знать', 'любовь', 'рождение', 'девушка', 'думать', 'забывать']","['игра', 'играть', 'норма', 'сука', 'год', 'удача', 'купить', 'пиздец', 'сдавать', 'пить']","['http', 'id', 'ru', 'vkontakte', 'com', 'новый', '_', 'vk', 'писать', 'песня']",,,
74,19,1,"['любить', 'день', 'хороший', 'любовь', 'рождение', 'человек', 'знать', 'самый', 'любимый', 'такои']","['com', 'id', 'http', '_', 'vk', 'instagram', 'фильм', 'https', 'ru', 'amp']","['новый', 'завтра', 'писать', 'ждать', 'пожалуист', 'ребята', 'первый', 'девушка', 'какой', 'лс']",,,
75,19,2,"['любить', 'любовь', 'друг', 'ждать', 'знать', 'человек', 'думать', 'смотреть', 'че', 'оставаться']","['http', 'com', 'id', 'ru', '_', 'vk', 'https', 'группа', 'видео', 'amp']","['день', 'новый', 'рождение', 'песня', 'игра', 'хороший', 'новыя', 'играть', 'желать', 'лс']",,,
76,20,1,"['день', 'любить', 'com', 'http', 'хороший', 'id', 'рождение', '_', 'любимый', 'самый']","['ждать', 'приходить', 'новый', 'ребята', 'цена', 'писать', 'завтра', 'группа', 'супер', 'купить']","['любить', 'человек', 'каждый', 'знать', 'какой', 'любовь', 'думать', 'хотеться', 'смотреть', 'тобой']",,,
77,20,2,"['смотреть', 'завтра', 'че', 'песня', 'писать', 'играть', 'новыя', 'фильм', 'написать', 'трек']","['http', 'com', 'id', 'ru', '_', 'vk', 'кг', 'https', 'группа', 'игра']","['любить', 'день', 'хороший', 'друг', 'любовь', 'рождение', 'человек', 'ждать', 'знать', 'думать']",,,
78,21,2,"['день', 'любить', 'хороший', 'рождение', 'любовь', 'друг', 'человек', 'знать', 'новый', 'девушка']","['фильм', 'купить', 'продавать', 'сдавать', 'пить', 'хорошия', 'пиво', 'цена', 'телефон', 'квартира']","['http', 'com', 'id', '_', 'ru', 'vk', 'https', 'игра', 'группа', 'amp']",,,
79,38,1,"['com', 'https', 'vk', 'http', '_', 'ru', 'www', 'id', 'пушкин', 'музей']","['день', 'друг', 'любить', 'любовь', 'новый', 'хороший', 'помогать', 'ребенок', 'каждый', 'добрый']","['цена', 'размер', 'см', 'цвет', 'наличие', 'кожа', 'платье', 'волос', 'ткань', 'квартира']",,,
80,38,2,"['друг', 'новый', 'день', 'хороший', 'цена', 'город', 'видео', 'группа', 'фото', 'первый']","['человек', 'любовь', 'любить', 'какой', 'украина', 'страна', 'знать', 'думать', 'жить', 'понимать']","['http', 'ru', 'com', 'https', '_', 'www', 'vk', 'html', 'youtube', 'amp']",,,
81,39,1,"['любить', 'день', 'друг', 'любовь', 'новый', 'хороший', 'ребенок', 'рождение', 'ждать', 'помогать']","['com', 'https', 'vk', 'http', '_', 'цена', 'ru', 'размер', 'мыло', 'www']","['крым', 'конкурс', 'центр', 'город', 'вкусный', 'яблоко', 'парк', 'раион', 'выставка', 'рецепт']",,,
82,39,2,"['видео', 'новый', 'группа', 'друг', 'украина', 'город', 'фильм', 'страна', 'первый', 'путин']","['http', 'com', 'https', 'ru', 'www', '_', 'vk', 'youtube', 'amp', 'см']","['день', 'человек', 'хороший', 'любить', 'друг', 'любовь', 'каждый', 'жить', 'думать', 'знать']",,,
83,40,1,"['com', 'https', '_', 'vk', 'цена', 'http', 'размер', 'ru', 'amp', 'подарок']","['друг', 'день', 'любовь', 'любить', 'хороший', 'каждый', 'рождение', 'ребенок', 'помогать', 'новый']","['ru', 'http', 'группа', 'класс', 'приглашать', 'видео', 'команда', 'школа', 'проект', 'www']",,,
84,40,2,"['http', 'com', 'ru', 'https', 'www', '_', 'vk', 'id', 'youtube', 'amp']","['друг', 'день', 'человек', 'хороший', 'каждый', 'любовь', 'любить', 'какой', 'новый', 'праздник']","['город', 'путин', 'украина', 'страна', 'центр', 'группа', 'русский', 'москва', 'новый', 'воин']",,,
85,41,1,"['группа', 'вопрос', 'получать', 'класс', 'писать', 'новый', 'возможность', 'работать', 'проходить', 'город']","['любить', 'день', 'любовь', 'друг', 'рождение', 'помогать', 'человек', 'хороший', 'каждый', 'дорогой']","['com', 'https', 'http', 'цена', 'vk', 'ru', '_', 'www', 'размер', 'id']",,,
86,41,2,"['http', 'ru', 'com', 'https', 'www', '_', 'vk', 'youtube', 'html', 'путин']","['день', 'человек', 'любовь', 'друг', 'любить', 'какой', 'хороший', 'каждый', 'знать', 'праздник']","['новый', 'группа', 'цена', 'город', 'видео', 'фото', 'проект', 'новыя', 'друг', 'получать']",,,
87,42,1,"['цена', 'размер', 'см', 'наличие', 'цвет', 'кожа', 'масло', 'шт', 'качество', 'платье']","['любить', 'день', 'любовь', 'хороший', 'друг', 'рождение', 'человек', 'ребенок', 'каждый', 'новый']","['com', 'https', 'vk', 'http', 'ru', '_', 'id', 'amp', 'класс', 'группа']",,,
88,42,2,"['друг', 'человек', 'день', 'хороший', 'любовь', 'любить', 'думать', 'праздник', 'каждый', 'знать']","['украина', 'фильм', 'новый', 'город', 'страна', 'воин', 'цена', 'путин', 'amp', 'москва']","['http', 'ru', 'com', 'https', 'www', '_', 'id', 'youtube', 'vk', 'amp']",,,
89,43,1,"['день', 'любить', 'любовь', 'друг', 'хороший', 'рождение', 'человек', 'пусть', 'праздник', 'ребенок']","['ru', 'http', 'https', '_', 'com', 'www', 'группа', 'класс', 'получать', 'мастер']","['vk', 'com', 'цена', 'размер', 'https', 'собака', 'цвет', 'девочка', 'id', 'http']",,,
90,43,2,"['человек', 'новость', 'беларусь', 'любовь', 'любить', 'путин', 'минск', 'жить', 'какой', 'такои']","['https', 'http', 'com', 'ru', 'www', '_', 'html', 'vk', 'youtube', 'amp']","['новый', 'друг', 'день', 'группа', 'хороший', 'город', 'видео', 'первый', 'фото', 'проект']",,,
91,45,1,"['человек', 'новый', 'группа', 'получать', 'отношение', 'возможность', 'который', 'ребенок', 'работать', 'какой']","['любовь', 'любить', 'день', 'друг', 'хороший', 'помогать', 'каждый', 'человек', 'девочка', 'праздник']","['com', 'https', 'vk', 'http', '_', 'ru', 'цена', 'www', 'кожа', 'размер']",,,
92,58,1,"['шпинат', 'рецепт', 'смузи', 'мастер', 'организм', 'банан', 'добавлять', 'картинка', 'киви', 'клетчатка']","['com', 'http', 'https', 'vk', 'ru', '_', 'www', 'украина', 'видео', 'новость']","['день', 'любовь', 'друг', 'поздравлять', 'рождение', 'любить', 'здоровье', 'пусть', 'хороший', 'праздник']",,,
93,58,2,"['https', 'ru', 'http', 'com', 'путин', 'украина', 'www', 'страна', '_', 'власть']","['друг', 'человек', 'любовь', 'какой', 'каждый', 'хороший', 'людей', 'сеичас', 'жить', 'любить']","['день', 'область', 'раион', 'новый', 'фото', 'город', 'встреча', 'проходить', 'группа', 'фильм']",,,
94,59,1,"['рецепт', 'проект', 'город', 'получать', 'новый', 'фильм', 'помогать', 'вопрос', 'человек', 'видео']","['com', 'http', 'vk', 'https', 'ru', '_', 'app', 'www', 'id', 'youtube']","['день', 'любовь', 'друг', 'рождение', 'любить', 'хороший', 'пусть', 'здоровье', 'поздравлять', 'праздник']",,,
95,60,1,"['любить', 'мамочка', 'день', 'любовь', 'хороший', 'рождение', 'здоровье', 'друг', 'дорогой', 'праздник']","['http', 'com', 'ru', 'https', 'рецепт', 'vk', '_', 'открытка', 'www', 'youtube']","['класс', 'новый', 'город', 'видео', 'получать', 'работа', 'писать', 'человек', 'проект', 'приглашать']",,,
96,60,2,"['http', 'ru', 'com', 'https', 'видео', '_', 'www', 'youtube', 'art', 'press']","['армения', 'страна', 'путин', 'область', 'раион', 'украина', 'новый', 'воин', 'город', 'сша']","['друг', 'день', 'любовь', 'хороший', 'рождение', 'праздник', 'человек', 'жить', 'знать', 'здоровье']",,,
97,61,1,"['рецепт', 'простой', 'пирог', 'вкусный', 'готовить', 'салат', 'помогать', 'печение', 'минута', 'торт']","['день', 'любовь', 'друг', 'рождение', 'любить', 'пусть', 'праздник', 'здоровье', 'хороший', 'поздравлять']","['com', 'vk', 'http', 'ru', 'https', 'app', 'отправлять', '_', 'www', 'ranks']",,,
98,61,2,"['армения', 'http', 'ru', 'press', '_ ', 'страна', 'новость', 'заголовок', 'feed', 'сообщать']","['art', 'изображение', 'фото', 'город', 'май', 'область', 'март', 'группа', 'проходить', 'раион']","['com', 'https', 'друг', 'видео', 'gt', 'день', 'любовь', 'youtube', 'хороший', 'человек']",,,
99,62,1,"['день', 'любовь', 'друг', 'пусть', 'рецепт', 'рождение', 'здоровье', 'любить', 'праздник', 'поздравлять']","['игра', 'проект', 'получать', 'книга', 'класс', 'новый', 'страна', 'воин', 'команда', 'фильм']","['com', 'https', 'ru', 'www', 'http', 'vk', '_', 'facebook', 'be', 'youtube']",,,
100,63,1,"['любить', 'любовь', 'день', 'друг', 'пусть', 'сердце', 'хороший', 'тобой', 'добрый', 'радость']","['http', 'ru', 'com', 'https', 'www', 'vk', '_', 'playcast', 'youtube', 'amp']","['человек', 'нужный', 'знать', 'сердце', 'думать', 'какой', 'каждый', 'сеичас', 'жить', 'помогать']",,,
101,16,1,"['http', 'купить', '_', 'ru', 'amp', 'оо', 'урок', 'создавать', 'instagram', 'звонок']","['любить', 'хороший', 'id', 'день', 'любовь', 'друг', 'любимый', 'знать', 'забывать', 'рождение']","['завтра', 'школа', 'че', 'смотреть', 'тя', 'спать', 'приходить', 'супер', 'сидеть', 'идти']","['com', 'vk', 'лизун', 'новый', 'писать', 'реакция', 'написать', 'фото', 'нравиться', 'группа']",,
102,16,2,"['песня', 'стена', 'фото', 'музыка', 'принимать', 'класс', 'фотка', 'лучшия', 'час', 'эстафета']","['че', 'завтра', 'написать', 'купить', 'посмотреть', 'бля', 'спать', 'ава', 'какои', 'фильм']","['http', 'com', 'id', 'ru', 'vk', 'https', 'игра', '_', 'играть', 'лс']","['любить', 'день', 'хороший', 'друг', 'знать', 'новый', 'любовь', 'человек', 'думать', 'ждать']",,
103,17,1,"['завтра', 'какой', 'писать', 'че', 'смотреть', 'спать', 'написать', 'фотка', 'идти', 'песня']","['id', 'com', 'http', '_', 'vk', 'школа', 'группа', 'ru', 'amp', 'https']","['любить', 'любовь', 'день', 'хороший', 'знать', 'рождение', 'друг', 'тобой', 'человек', 'самый']","['gt', 'лето', 'lt', 'фото', 'передавать', 'пара', 'рисовать', 'дом', 'уезжать', 'принимать']",,
104,17,2,"['com', 'id', 'друг', 'vk', '_', 'https', 'школа', 'бля', 'сука', 'youtube']","['http', 'ru', 'писать', 'группа', 'лс', 'vkontakte', 'добавлять', 'заходить', 'купить', 'продавать']","['любить', 'тобой', 'хороший', 'знать', 'думать', 'любовь', 'че', 'забывать', 'смотреть', 'ждать']","['день', 'новый', 'рождение', 'игра', 'играть', 'написать', 'песня', 'лаик', 'новыя', 'ребята']",,
105,18,1,"['завтра', 'писать', 'сидеть', 'че', 'спать', 'ждать', 'написать', 'ребята', 'идти', 'приветик']","['id', 'песня', 'https', 'посмотреть', 'бля', 'фильм', 'лаик', 'видео', 'поставлять', 'передавать']","['день', 'рождение', 'хороший', 'com', 'http', 'новый', '_', 'счастие', 'желать', 'лето']","['любить', 'любовь', 'знать', 'друг', 'человек', 'тобой', 'самый', 'сеичас', 'любимый', 'думать']",,
106,18,2,"['ждать', 'завтра', 'музыка', 'какой', 'бля', 'сука', 'начинать', 'первый', 'который', 'просить']","['игра', 'играть', 'норма', 'ебать', 'армия', 'хд', 'дом', 'го', 'наступать', 'победа']","['http', 'id', 'ru', 'vkontakte', 'com', '_', 'vk', 'https', 'группа', 'фото']","['любить', 'день', 'хороший', 'друг', 'че', 'знать', 'любовь', 'рождение', 'новый', 'девушка']",,
107,19,1,"['любить', 'хороший', 'id', 'знать', 'самый', 'любимый', 'такои', 'тобой', 'девочка', 'песня']","['день', 'любовь', 'рождение', 'человек', 'каждый', 'пусть', 'счастливый', 'душа', 'сердце', 'счастие']","['друг', 'новый', 'писать', 'какой', 'нужный', 'пожалуист', 'ребята', 'девушка', 'помогать', 'лс']","['com', 'http', '_', 'ждать', 'vk', 'сеичас', 'думать', 'смотреть', 'instagram', 'проходить']",,
108,19,2,"['любовь', 'ждать', 'знать', 'человек', 'думать', 'смотреть', 'че', 'оставаться', 'какой', 'девушка']","['любить', 'друг', 'писать', 'самый', 'написать', 'тобой', 'помогать', 'видео', 'любимый', 'прощать']","['день', 'хороший', 'новый', 'рождение', 'игра', 'новыя', 'желать', 'цена', 'поздравлять', 'счастие']","['http', 'com', 'id', 'ru', '_', 'vk', 'https', 'группа', 'песня', 'ребята']",,
109,20,1,"['любить', 'день', 'com', 'http', 'хороший', 'id', 'рождение', 'новый', '_', 'друг']","['ждать', 'приходить', 'нужный', 'размер', 'девушка', 'песня', 'проходить', 'фото', 'помогать', 'лето']","['человек', 'каждый', 'знать', 'какой', 'думать', 'хотеться', 'смотреть', 'тобой', 'сеичас', 'оставаться']","['ребята', 'писать', 'завтра', 'группа', 'супер', 'купить', 'написать', 'лс', 'работа', 'репост']",,
110,20,2,"['смотреть', 'какой', 'такои', 'новыя', 'фильм', 'какои', 'трек', 'ночь', 'сидеть', 'сука']","['http', 'com', 'id', 'ru', '_', 'vk', 'https', 'группа', 'amp', 'www']","['любить', 'день', 'хороший', 'любовь', 'рождение', 'человек', 'знать', 'думать', 'каждый', 'девушка']","['ждать', 'друг', 'писать', 'кг', 'завтра', 'че', 'новый', 'игра', 'играть', 'цена']",,
111,21,2,"['любить', 'хороший', 'любовь', 'человек', 'знать', 'девушка', 'каждый', 'смотреть', 'думать', 'оставаться']","['цена', 'купить', 'продавать', 'сдавать', 'пить', 'сука', 'сидеть', 'пара', 'настроение', 'пиво']","['новый', 'друг', 'ждать', 'писать', 'игра', 'первый', 'завтра', 'ребята', 'новыя', 'фильм']","['день', 'http', 'com', 'id', '_', 'ru', 'рождение', 'vk', 'https', 'amp']",,
112,38,1,"['http', '_', 'ru', 'com', 'https', 'www', 'музей', 'квартира', 'amp', 'парк']","['день', 'любить', 'новый', 'друг', 'любовь', 'хороший', 'каждый', 'рождение', 'фото', 'ждать']","['vk', 'цена', 'com', 'размер', 'https', 'см', 'цвет', 'наличие', 'кожа', 'платье']","['помогать', 'нужный', 'человек', 'сеичас', 'искать', 'знать', 'месяц', 'жить', 'написать', 'рука']",,
113,38,2,"['новый', 'друг', 'цена', 'видео', 'группа', 'фото', 'id', 'новыя', 'первый', 'размер']","['украина', 'страна', 'путин', 'власть', 'русский', 'рф', 'область', 'воин', 'крым', 'какой']","['http', 'ru', 'com', 'https', '_', 'www', 'vk', 'html', 'youtube', 'amp']","['день', 'любовь', 'любить', 'человек', 'смотреть', 'каждый', 'хороший', 'знать', 'фильм', 'ребенок']",,
114,39,1,"['друг', 'помогать', 'ребенок', 'человек', 'сеичас', 'нужный', 'какой', 'каждый', 'писать', 'ждать']","['com', 'https', 'vk', 'http', '_', 'цена', 'ru', 'размер', 'мыло', 'www']","['крым', 'вкусный', 'яблоко', 'вода', 'парк', 'рецепт', 'торт', 'крем', 'авто', 'концерт']","['любить', 'день', 'любовь', 'рождение', 'праздник', 'дорогой', 'хороший', 'поздравлять', 'пусть', 'любимый']",,
115,39,2,"['http', 'com', 'ru', 'https', 'www', '_', 'vk', 'видео', 'id', 'группа']","['цена', 'youtube', 'см', 'be', 'купить', 'watch', 'размер', 'продавать', 'магазин', 'youtu']","['день', 'хороший', 'друг', 'человек', 'каждый', 'любить', 'любовь', 'сеичас', 'новый', 'жить']","['украина', 'страна', 'путин', 'воин', 'русский', 'область', 'рф', 'город', 'раион', 'сша']",,
116,40,1,"['com', 'http', 'https', '_', 'ru', 'vk', 'www', 'amp', 'id', 'запись']","['друг', 'день', 'любовь', 'любить', 'хороший', 'каждый', 'рождение', 'помогать', 'новый', 'праздник']","['класс', 'группа', 'город', 'приглашать', 'проходить', 'команда', 'школа', 'первый', 'проект', 'проводить']","['цена', 'фото', 'размер', 'подарок', 'купить', 'море', 'цветок', 'наличие', 'лето', 'цвет']",,
117,41,1,"['группа', 'класс', 'проходить', 'город', 'школа', 'вопрос', 'проводить', 'работать', 'возможность', 'проект']","['ru', 'http', 'искать', 'помогать', 'пожалуист', 'собака', 'квартира', 'нужный', 'улица', 'репост']","['com', 'https', 'vk', 'цена', '_', 'id', 'http', 'размер', 'подарок', 'рублея']","['любить', 'день', 'любовь', 'друг', 'рождение', 'каждый', 'хороший', 'человек', 'новый', 'праздник']",,
118,41,2,"['ru', 'http', 'группа', 'html', 'news', 'город', 'проект', 'москва', 'область', 'новость']","['друг', 'день', 'хороший', 'новый', 'человек', 'любовь', 'каждый', 'любить', 'ждать', 'помогать']","['com', 'https', 'http', 'www', 'ru', '_', 'vk', 'id', 'youtube', 'видео']","['путин', 'украина', 'воин', 'страна', 'власть', 'русский', 'рука', 'какои', 'история', 'сша']",,
119,42,1,"['цена', 'искать', 'размер', 'собака', 'см', 'девочка', 'наличие', 'цвет', 'помогать', 'нужный']","['друг', 'любить', 'день', 'любовь', 'хороший', 'рождение', 'новый', 'ребенок', 'ждать', 'человек']","['com', 'https', 'vk', 'http', '_', 'ru', 'id', 'amp', 'www', 'квартира']","['писать', 'класс', 'мастер', 'вопрос', 'приглашать', 'получать', 'группа', 'принимать', 'участие', 'тело']",,
120,42,2,"['друг', 'день', 'хороший', 'человек', 'любовь', 'любить', 'думать', 'праздник', 'знать', 'душа']","['новый', 'украина', 'страна', 'цена', 'работа', 'получать', 'путин', 'проект', 'который', 'вопрос']","['http', 'ru', 'com', 'https', 'www', '_', 'amp', 'id', 'youtube', 'vk']","['фото', 'город', 'фильм', 'видео', 'группа', 'новость', 'москва', 'проходить', 'игра', 'участие']",,
121,43,1,"['любить', 'любовь', 'друг', 'хороший', 'человек', 'пусть', 'ребенок', 'каждый', 'любимый', 'день']","['новый', 'получать', 'класс', 'писать', 'мастер', 'подарок', 'группа', 'школа', 'работа', 'город']","['цена', 'размер', 'девочка', 'собака', 'цвет', 'мальчик', 'кошка', 'искать', 'квартира', 'нужный']","['com', 'http', 'https', 'vk', 'ru', '_', 'рождение', 'день', 'id', 'праздник']",,
122,43,2,"['новость', 'беларусь', 'украина', 'страна', 'путин', 'www', 'https', 'минск', 'власть', 'подробно']","['http', 'com', 'ru', 'https', 'www', '_', 'html', 'vk', 'youtube', 'amp']","['новый', 'группа', 'город', 'видео', 'первый', 'проект', 'фото', 'вопрос', 'проводить', 'работа']","['день', 'человек', 'друг', 'хороший', 'любовь', 'любить', 'праздник', 'какой', 'каждый', 'сеичас']",,
123,58,1,"['украина', 'шпинат', 'новость', 'рецепт', 'страна', 'смузи', 'сша', 'цена', 'добавлять', 'минута']","['com', 'http', 'https', 'ru', 'vk', '_', 'www', 'видео', 'youtube', 'группа']","['помогать', 'человек', 'ребенок', 'каждый', 'ждать', 'нужный', 'жить', 'сеичас', 'рука', 'дом']","['день', 'любовь', 'друг', 'поздравлять', 'здоровье', 'рождение', 'пусть', 'хороший', 'праздник', 'дорогой']",,
124,58,2,"['https', 'ru', 'http', 'com', 'страна', 'путин', 'украина', 'www', '_', 'власть']","['друг', 'человек', 'любовь', 'какой', 'хороший', 'людей', 'каждый', 'жить', 'сеичас', 'любить']","['новый', 'день', 'область', 'раион', 'фото', 'первый', 'город', 'проходить', 'рождение', 'встреча']","['видео', 'песня', 'фильм', 'автор', 'онлаин', 'море', 'край', 'музыка', 'the', 'мороз']",,
125,59,1,"['рецепт', 'плеикаста', 'какой', 'человек', 'простой', 'воин', 'вода', 'думать', 'минута', 'масло']","['com', 'http', 'vk', 'https', 'ru', '_', 'app', 'www', 'id', 'youtube']","['день', 'любовь', 'друг', 'рождение', 'хороший', 'любить', 'пусть', 'здоровье', 'поздравлять', 'праздник']","['проект', 'новый', 'город', 'получать', 'видео', 'класс', 'фильм', 'писать', 'вопрос', 'работа']",,
126,60,1,"['сердце', 'рука', 'жить', 'лето', 'душа', 'цветок', 'знать', 'любовь', 'красота', 'небо']","['http', 'com', 'ru', 'https', 'рецепт', 'vk', '_', 'открытка', 'www', 'youtube']","['любить', 'мамочка', 'день', 'хороший', 'друг', 'новый', 'рождение', 'любовь', 'здоровье', 'дорогой']","['видео', 'город', 'писать', 'получать', 'купить', 'проект', 'приглашать', 'группа', 'работать', 'раион']",,
127,60,2,"['друг', 'день', 'хороший', 'любовь', 'рождение', 'праздник', 'поздравлять', 'жить', 'здоровье', 'любить']","['армения', 'путин', 'область', 'раион', 'украина', 'воин', 'новый', 'город', 'сша', 'первый']","['человек', 'русский', 'история', 'страна', 'какой', 'власть', 'сеичас', 'людей', 'народ', 'начинать']","['http', 'ru', 'com', 'https', 'видео', '_', 'www', 'youtube', 'art', 'press']",,
128,61,1,"['рецепт', 'простой', 'помогать', 'человек', 'вкусный', 'фото', 'готовить', 'салат', 'печение', 'вкусно']","['день', 'друг', 'рождение', 'здоровье', 'праздник', 'новый', 'хороший', 'поздравлять', 'дорогой', 'счастие']","['com', 'vk', 'http', 'ru', 'https', 'app', 'отправлять', '_', 'www', 'ranks']","['любовь', 'пирог', 'душа', 'пусть', 'сердце', 'любить', 'жить', 'торт', 'тесто', 'каждый']",,
129,61,2,"['com', 'art', 'https', '_ ', 'заголовок', 'www', '_', 'youtube', 'русский', 'modern']","['армения', 'изображение', 'город', 'май', 'фото', 'область', 'первый', 'press', 'министр', 'проходить']","['http', 'ru', 'feed', 'день', 'друг', 'видео', 'хороший', 'gt', 'press', 'любовь']","['страна', 'новость', 'президент', 'украина', 'путин', 'сообщать', 'сша', 'власть', 'рф', 'заявлять']",,
130,62,1,"['день', 'любовь', 'друг', 'пусть', 'рождение', 'здоровье', 'любить', 'поздравлять', 'добрый', 'хороший']","['проект', 'страна', 'воин', 'команда', 'получать', 'работать', 'человек', 'помогать', 'новость', 'результат']","['новый', 'игра', 'фото', 'видео', 'класс', 'ребенок', 'книга', 'песня', 'проходить', 'фильм']","['com', 'https', 'ru', 'www', 'http', 'vk', 'рецепт', '_', 'facebook', 'be']",,
131,63,1,"['любить', 'любовь', 'сердце', 'день', 'друг', 'пусть', 'хороший', 'тобой', 'добрый', 'радость']","['город', 'украина', 'школа', 'воин', 'русский', 'страна', 'история', 'александр', 'проходить', 'владимир']","['рецепт', 'какой', 'рука', 'думать', 'фото', 'сеичас', 'нужный', 'смотреть', 'простой', 'понимать']","['http', 'ru', 'com', 'https', 'www', 'vk', '_', 'playcast', 'класс', 'youtube']",,
132,16,2,"['новый', 'песня', 'новыя', 'стена', 'друзея', 'вк', 'фото', 'принимать', 'час', 'второй']","['купить', 'умирать', 'бля', 'какои', 'сука', 'парень', 'хд', 'первыя', 'мама', 'телефон']","['http', 'com', 'id', 'ru', 'vk', 'день', 'https', 'игра', '_', 'группа']","['играть', 'лс', 'продавать', 'lt', 'цена', 'gt', 'неделя', 'рад', 'получать', 'го']","['любить', 'друг', 'хороший', 'писать', 'смотреть', 'знать', 'любовь', 'че', 'человек', 'думать']",
133,17,1,"['завтра', 'ждать', 'думать', 'какой', 'смотреть', 'писать', 'че', 'написать', 'фотка', 'идти']","['id', 'com', 'http', '_', 'vk', 'школа', 'тя', 'группа', 'ru', 'amp']","['любить', 'любовь', 'день', 'хороший', 'знать', 'рождение', 'друг', 'тобой', 'человек', 'самый']","['спать', 'gt', 'настроение', 'сидеть', 'лето', 'lt', 'пара', 'влюбляться', 'играть', 'пойти']","['ребята', 'фото', 'первый', 'передавать', 'наити', 'отвечать', 'видео', 'второй', 'собака', 'принимать']",
134,17,2,"['любить', 'друг', 'тобой', 'знать', 'думать', 'любовь', 'писать', 'забывать', 'ждать', 'человек']","['http', 'ru', 'лс', 'vkontakte', 'добавлять', 'блять', 'заходить', 'продавать', 'рублея', 'получать']","['че', 'смотреть', 'завтра', 'играть', 'школа', 'такои', 'сделать', 'самыя', 'спать', 'какои']","['день', 'хороший', 'новый', 'рождение', 'игра', 'написать', 'песня', 'лаик', 'новыя', 'ребята']","['com', 'id', 'vk', '_', 'группа', 'https', 'ава', 'www', 'youtube', 'amp']",
135,18,1,"['ждать', 'завтра', 'думать', 'смотреть', 'какой', 'писать', 'сидеть', 'девушка', 'че', 'спать']","['песня', 'фото', 'ава', 'бля', 'час', 'фильм', 'волос', 'видео', 'выбирать', 'красота']","['id', 'com', 'http', '_', 'vk', 'ru', 'ребята', 'приветик', 'instagram', 'группа']","['любить', 'знать', 'друг', 'человек', 'тобой', 'любимый', 'сеичас', 'каждый', 'скучать', 'понимать']","['день', 'хороший', 'любовь', 'рождение', 'самый', 'новый', 'пусть', 'счастие', 'желать', 'лето']",
136,18,2,"['http', 'id', 'ru', 'vkontakte', '_', 'amp', 'жопа', 'крутой', 'онлаин', 'ага']","['игра', 'играть', 'сдавать', 'ебать', 'хд', 'го', 'ахах', 'экзамен', 'домои', 'ура']","['com', 'vk', 'писать', 'написать', 'песня', 'https', 'музыка', 'группа', 'фото', 'ребята']","['день', 'хороший', 'друг', 'новый', 'че', 'рождение', 'ждать', 'завтра', 'спать', 'бля']","['любить', 'знать', 'любовь', 'девушка', 'думать', 'смотреть', 'забывать', 'человек', 'каждый', 'тобой']",
137,19,1,"['id', 'песня', 'фотография', 'мама', 'эстафета', 'час', 'фото', 'проводить', 'передавать', 'ехать']","['день', 'любовь', 'рождение', 'пусть', 'счастие', 'желать', 'поздравлять', 'праздник', 'фильм', 'твой']","['новый', 'смотреть', 'писать', 'какой', 'пожалуист', 'ребята', 'первый', 'девушка', 'помогать', 'лс']","['com', 'http', '_', 'vk', 'instagram', 'https', 'ru', 'amp', 'группа', 'цена']","['любить', 'хороший', 'человек', 'знать', 'самый', 'любимый', 'друг', 'ждать', 'такои', 'тобой']",
138,19,2,"['любовь', 'друг', 'ждать', 'знать', 'человек', 'думать', 'писать', 'смотреть', 'оставаться', 'девушка']","['http', 'com', 'id', 'ru', '_', 'vk', 'https', 'группа', 'видео', 'amp']","['день', 'хороший', 'новый', 'рождение', 'новыя', 'желать', 'цена', 'поздравлять', 'слушать', 'счастие']","['че', 'какой', 'песня', 'игра', 'играть', 'ребята', 'первый', 'купить', 'фото', 'получать']","['любить', 'самый', 'фильм', 'брат', 'армия', 'любимый', 'месяц', 'самыя', 'большой', 'рад']",
139,20,1,"['день', 'com', 'http', 'id', 'рождение', 'новый', '_', 'instagram', 'vk', 'счастие']","['цена', 'супер', 'размер', 'девушка', 'песня', 'фото', 'новыя', 'котенок', 'собираться', 'первый']","['друг', 'человек', 'каждый', 'знать', 'какой', 'думать', 'хотеться', 'смотреть', 'сеичас', 'оставаться']","['приходить', 'ребята', 'писать', 'завтра', 'купить', 'группа', 'спать', 'написать', 'лс', 'работа']","['любить', 'хороший', 'любовь', 'ждать', 'любимый', 'самый', 'моеи', 'пусть', 'дорогой', 'счастливый']",
140,20,2,"['друг', 'новый', 'знать', 'думать', 'смотреть', 'новыя', 'какой', 'такои', 'сеичас', 'этоя']","['http', 'com', 'id', 'ru', '_', 'vk', 'https', 'группа', 'игра', 'amp']","['любить', 'день', 'хороший', 'любовь', 'рождение', 'человек', 'каждый', 'девушка', 'понимать', 'твой']","['ждать', 'писать', 'кг', 'завтра', 'лс', 'ребята', 'неделя', 'купить', 'продавать', 'получать']","['цена', 'фильм', 'первый', 'спать', 'первыя', 'приходить', 'работа', 'размер', 'начинаться', 'пиздец']",
141,21,2,"['человек', 'каждый', 'думать', 'оставаться', 'понимать', 'какой', 'сердце', 'сеичас', 'нужный', 'забывать']","['сдавать', 'пить', 'сука', 'пара', 'сидеть', 'нея', 'просить', 'хорошия', 'пиво', 'хотеться']","['ждать', 'писать', 'игра', 'первый', 'завтра', 'ребята', 'новыя', 'песня', 'цена', 'фильм']","['http', 'com', 'id', '_', 'ru', 'vk', 'https', 'группа', 'amp', 'фото']","['день', 'любить', 'хороший', 'друг', 'новый', 'рождение', 'любовь', 'знать', 'девушка', 'смотреть']",
142,38,1,"['ребенок', 'девочка', 'мама', 'осень', 'месяц', 'искать', 'дом', 'город', 'квартира', 'пушкин']","['день', 'любить', 'новый', 'любовь', 'хороший', 'друг', 'каждый', 'рождение', 'дорогой', 'праздник']","['цена', 'размер', 'см', 'цвет', 'наличие', 'купить', 'платье', 'качество', 'магазин', 'ткань']","['помогать', 'нужный', 'сеичас', 'человек', 'какой', 'написать', 'знать', 'смотреть', 'жить', 'думать']","['com', 'https', 'vk', 'http', '_', 'ru', 'id', 'писать', 'группа', 'www']",
143,38,2,"['друг', 'новый', 'день', 'хороший', 'видео', 'первый', 'группа', 'город', 'проходить', 'писать']","['украина', 'страна', 'путин', 'власть', 'русский', 'рф', 'область', 'воин', 'крым', 'сша']","['http', 'ru', 'com', 'https', '_', 'www', 'vk', 'html', 'youtube', 'amp']","['человек', 'какой', 'любовь', 'любить', 'каждый', 'сеичас', 'знать', 'ребенок', 'думать', 'такои']","['цена', 'смотреть', 'фильм', 'размер', 'девушка', 'снимать', 'море', 'лето', 'посмотреть', 'вода']",
144,39,1,"['помогать', 'человек', 'друг', 'рука', 'ребенок', 'сеичас', 'нужный', 'писать', 'какой', 'каждый']","['com', 'https', 'vk', 'http', '_', 'цена', 'ru', 'размер', 'мыло', 'www']","['лето', 'крым', 'погода', 'зима', 'осень', 'вкусный', 'кондиционер', 'крем', 'мороз', 'белый']","['любить', 'день', 'любовь', 'хороший', 'рождение', 'дорогой', 'праздник', 'мама', 'поздравлять', 'пусть']","['новый', 'id', 'фото', 'группа', 'ждать', 'класс', 'проходить', 'первый', 'мастер', 'город']",
145,39,2,"['новый', 'группа', 'город', 'фильм', 'первый', 'писать', 'работа', 'работать', 'игра', 'новыя']","['http', 'com', 'ru', 'https', 'www', '_', 'vk', 'видео', 'id', 'youtube']","['хороший', 'день', 'друг', 'человек', 'каждый', 'любить', 'людей', 'любовь', 'сеичас', 'какой']","['украина', 'страна', 'путин', 'воин', 'второй', 'русский', 'история', 'сша', 'власть', 'крым']","['цена', 'фото', 'дом', 'купить', 'размер', 'продавать', 'магазин', 'квартира', 'мастер', 'класс']",
146,40,1,"['com', 'http', 'https', '_', 'ru', 'vk', 'id', 'www', 'amp', 'club']","['помогать', 'девочка', 'тело', 'нужный', 'писать', 'дом', 'неделя', 'месяц', 'работать', 'вопрос']","['мастер', 'класс', 'приглашать', 'город', 'группа', 'школа', 'проходить', 'проводить', 'проект', 'участие']","['цена', 'фото', 'размер', 'купить', 'цветок', 'наличие', 'цвет', 'см', 'магазин', 'платье']","['день', 'любовь', 'любить', 'новый', 'друг', 'ребенок', 'хороший', 'каждый', 'рождение', 'праздник']",
147,41,1,"['ребенок', 'проходить', 'фото', 'класс', 'детея', 'ждать', 'мастер', 'первыя', 'школа', 'детский']","['помогать', 'девочка', 'нужный', 'искать', 'дом', 'месяц', 'пожалуист', 'собака', 'квартира', 'просить']","['com', 'https', 'цена', 'vk', '_', 'id', 'размер', 'http', 'www', 'amp']","['любить', 'день', 'любовь', 'друг', 'новый', 'рождение', 'хороший', 'каждый', 'человек', 'дорогой']","['ru', 'возможность', 'http', 'писать', 'получать', 'вопрос', 'работать', 'видео', 'работа', 'который']",
148,41,2,"['цена', 'город', 'news', 'получать', 'новый', 'проект', 'москва', 'область', 'первый', 'рублея']","['друг', 'день', 'хороший', 'любовь', 'человек', 'каждый', 'любить', 'сеичас', 'новый', 'ждать']","['дом', 'be', 'вид', 'помощь', 'час', 'youtu', 'телефон', 'тело', 'система', 'магазин']","['путин', 'украина', 'страна', 'воин', 'история', 'власть', 'русский', 'мир', 'сша', 'земля']","['http', 'ru', 'com', 'https', 'www', '_', 'vk', 'id', 'youtube', 'группа']",
149,42,1,"['цена', 'нужный', 'помогать', 'искать', 'девочка', 'размер', 'собака', 'месяц', 'см', 'наличие']","['друг', 'любить', 'день', 'любовь', 'хороший', 'ребенок', 'новый', 'рождение', 'ждать', 'праздник']","['com', 'https', 'vk', 'http', '_', 'ru', 'id', 'amp', 'www', 'club']","['писать', 'класс', 'мастер', 'группа', 'приглашать', 'получать', 'вопрос', 'принимать', 'работа', 'возможность']","['человек', 'другой', 'мир', 'город', 'понимать', 'какои', 'людей', 'жить', 'думать', 'боль']",
150,42,2,"['друг', 'человек', 'день', 'хороший', 'любовь', 'любить', 'каждый', 'думать', 'какой', 'праздник']","['новый', 'видео', 'цена', 'работа', 'получать', 'саит', 'проект', 'работать', 'купить', 'новыя']","['http', 'ru', 'com', 'https', 'www', '_', 'amp', 'youtube', 'vk', 'html']","['фото', 'фильм', 'группа', 'первый', 'проходить', 'москва', 'новость', 'id', 'второй', 'центр']","['украина', 'история', 'страна', 'воин', 'путин', 'русский', 'сша', 'область', 'власть', 'рф']",
151,43,1,"['человек', 'ребенок', 'сеичас', 'какой', 'каждый', 'знать', 'сердце', 'смотреть', 'людей', 'думать']","['получать', 'писать', 'класс', 'город', 'мастер', 'работа', 'проходить', 'тело', 'первый', 'школа']","['девочка', 'помогать', 'нужный', 'мама', 'дом', 'искать', 'собака', 'месяц', 'мальчик', 'пожалуист']","['com', 'http', 'https', 'vk', 'ru', '_', 'цена', 'id', 'размер', 'www']","['день', 'любить', 'друг', 'хороший', 'рождение', 'любовь', 'новый', 'пусть', 'праздник', 'подарок']",
152,43,2,"['новость', 'беларусь', 'https', 'www', 'минск', 'подробно', 'by', 'брест', 'гродно', 'гомель']","['http', 'com', 'ru', 'https', 'www', '_', 'html', 'vk', 'youtube', 'amp']","['новый', 'группа', 'видео', 'фото', 'проект', 'фильм', 'первый', 'игра', 'новыя', 'саит']","['друг', 'день', 'человек', 'хороший', 'любовь', 'каждый', 'любить', 'праздник', 'жить', 'такои']","['сеичас', 'начинать', 'украина', 'страна', 'город', 'путин', 'который', 'власть', 'воин', 'какой']",
153,58,1,"['помогать', 'человек', 'шпинат', 'страна', 'людей', 'работать', 'который', 'результат', 'русский', 'начинать']","['com', 'http', 'https', 'ru', 'vk', '_', 'www', 'видео', 'youtube', 'украина']","['друг', 'добрый', 'ребенок', 'первый', 'смотреть', 'ждать', 'девочка', 'подарок', 'проходить', 'детея']","['день', 'поздравлять', 'любовь', 'здоровье', 'рождение', 'пусть', 'хороший', 'праздник', 'любить', 'дорогой']","['сердце', 'жить', 'рука', 'душа', 'лето', 'небо', 'солнце', 'глаз', 'знать', 'любовь']",
154,58,2,"['https', 'ru', 'http', 'com', 'www', '_', 'видео', 'amp', 'youtube', 'be']","['друг', 'любовь', 'человек', 'каждый', 'хороший', 'жить', 'любить', 'душа', 'знать', 'пусть']","['новый', 'день', 'раион', 'фото', 'проходить', 'праздник', 'первый', 'город', 'встреча', 'история']","['область', 'рф', 'президент', 'москва', 'вопрос', 'выборы', 'гражданин', 'владимир', 'решение', 'территория']","['страна', 'путин', 'украина', 'воин', 'власть', 'сеичас', 'какой', 'русский', 'россиянин', 'россииский']",
155,59,1,"['человек', 'помогать', 'какой', 'сеичас', 'людей', 'нужный', 'этоя', 'думать', 'который', 'начинать']","['com', 'http', 'vk', 'https', 'ru', '_', 'app', 'www', 'id', 'youtube']","['день', 'друг', 'любовь', 'хороший', 'рождение', 'любить', 'пусть', 'здоровье', 'поздравлять', 'праздник']","['видео', 'проект', 'фото', 'город', 'получать', 'писать', 'класс', 'проходить', 'новый', 'фильм']","['рецепт', 'вода', 'минута', 'масло', 'продукт', 'добавлять', 'перец', 'томат', 'вкусный', 'театр']",
156,60,1,"['любить', 'мамочка', 'любовь', 'душа', 'добрый', 'жить', 'сердце', 'родной', 'любимый', 'пусть']","['день', 'http', 'com', 'ru', 'рождение', 'здоровье', 'https', 'праздник', 'дорогой', 'vk']","['человек', 'ребенок', 'помогать', 'самый', 'какой', 'мама', 'семья', 'класс', 'большой', 'детея']","['новый', 'писать', 'видео', 'город', 'встреча', 'первый', 'получать', 'подарок', 'друг', 'проходить']","['рецепт', 'купить', 'простой', 'вкусный', 'салат', 'готовить', 'цена', 'минута', 'чай', 'магазин']",
157,61,1,"['рецепт', 'простой', 'пирог', 'вкусный', 'фото', 'салат', 'печение', 'помогать', 'человек', 'получать']","['день', 'любовь', 'друг', 'рождение', 'любить', 'новый', 'пусть', 'здоровье', 'праздник', 'хороший']","['com', 'vk', 'http', 'ru', 'https', 'app', 'отправлять', '_', 'www', 'ranks']","['сердце', 'ребенок', 'жить', 'каждый', 'рука', 'цветок', 'красота', 'оставаться', 'знать', 'лето']","['минута', 'торт', 'тесто', 'вкусно', 'смотреть', 'нужный', 'дом', 'месяц', 'домашний', 'тело']",
158,61,2,"['изображение', 'русский', 'история', 'ереван', 'youtu', 'фильм', 'состояться', 'дорога', 'передавать', 'ранее']","['армения', 'press', 'город', 'май', 'первый', 'область', 'проходить', 'принимать', 'март', 'группа']","['день', 'друг', 'человек', 'хороший', 'gt', 'воин', 'любовь', 'праздник', 'каждый', 'поздравлять']","['страна', 'новость', 'заголовок', 'президент', 'путин', 'сша', 'сообщать', 'власть', 'рф', 'министр']","['http', 'ru', 'com', 'art', 'https', '_ ', 'feed', 'www', 'видео', '_']",
159,62,1,"['любовь', 'сердце', 'каждый', 'душа', 'жить', 'рука', 'красота', 'ждать', 'лето', 'осень']","['класс', 'книга', 'получать', 'проходить', 'первый', 'страна', 'воин', 'город', 'мастер', 'библиотека']","['ребенок', 'человек', 'помогать', 'фото', 'какой', 'смотреть', 'сеичас', 'видео', 'песня', 'писать']","['https', 'com', 'ru', 'www', 'http', 'рецепт', 'facebook', 'be', '_', 'youtube']","['день', 'друг', 'vk', 'рождение', 'com', 'пусть', 'здоровье', 'хороший', 'праздник', 'новый']",
160,63,1,"['любить', 'день', 'друг', 'пусть', 'любовь', 'хороший', 'тобой', 'добрый', 'новый', 'рождение']","['видео', 'город', 'школа', 'работать', 'онлаин', 'вопрос', 'час', 'работа', 'собака', 'результат']","['ru', 'http', 'www', 'https', 'com', '_', 'playcast', 'youtube', 'amp', 'смотреть']","['com', 'vk', 'песня', 'димочка', 'класс', 'отправлять', 'проходить', 'игра', 'проект', 'открытка']","['сердце', 'человек', 'любовь', 'рука', 'знать', 'душа', 'думать', 'глаз', 'понимать', 'твой']",
161,17,2,"['любить', 'знать', 'писать', 'нужный', 'девушка', 'понимать', 'лето', 'бля', 'сидеть', 'ебать']","['самыя', 'купить', 'рублея', 'норма', 'получать', 'саит', 'выигрывать', 'телефон', 'крутой', 'команда']","['тобой', 'думать', 'любовь', 'че', 'забывать', 'смотреть', 'человек', 'завтра', 'оставаться', 'каждый']","['день', 'друг', 'хороший', 'новый', 'рождение', 'ждать', 'игра', 'написать', 'какой', 'песня']","['школа', 'продавать', 'учиться', 'экзамен', 'днюхой', 'цена', 'праздник', 'настроение', 'кость', 'начало']","['http', 'com', 'id', 'ru', 'vk', '_', 'группа', 'https', 'ава', 'лс']"
162,18,1,"['завтра', 'думать', 'смотреть', 'какой', 'писать', 'сидеть', 'девушка', 'че', 'спать', 'парень']","['лето', 'приветик', 'ава', 'солнце', 'звезда', 'бля', 'дома', 'фильм', 'супер', 'дом']","['com', 'http', '_', 'vk', 'ru', 'ребята', 'instagram', 'группа', 'первый', 'учеба']","['любить', 'знать', 'друг', 'человек', 'любовь', 'тобой', 'ждать', 'самый', 'любимый', 'сеичас']","['день', 'хороший', 'рождение', 'новый', 'пусть', 'счастие', 'желать', 'дорогой', 'поздравлять', 'добрый']","['id', 'песня', 'фото', 'нравиться', 'фотка', 'https', 'посмотреть', 'сдавать', 'amp', 'час']"
163,18,2,"['завтра', 'музыка', 'новыя', 'бля', 'сука', 'хуй', 'трек', 'второй', 'сдавать', 'лето']","['новый', 'игра', 'играть', 'идти', 'сидеть', 'год', 'мноя', 'пить', 'ебать', 'умирать']","['http', 'id', 'ru', 'vkontakte', 'com', '_', 'vk', 'https', 'группа', 'фото']","['любить', 'день', 'друг', 'хороший', 'че', 'знать', 'любовь', 'рождение', 'девушка', 'ждать']","['человек', 'каждый', 'душа', 'такои', 'какой', 'сердце', 'давать', 'рука', 'самыя', 'мир']","['писать', 'лс', 'продавать', 'пара', 'купить', 'цена', 'гулять', 'заявка', 'телефон', 'отвечать']"
164,19,2,"['любовь', 'друг', 'знать', 'человек', 'думать', 'смотреть', 'че', 'оставаться', 'какой', 'девушка']","['http', 'com', 'id', 'ru', '_', 'vk', 'https', 'группа', 'видео', 'amp']","['день', 'хороший', 'рождение', 'желать', 'пусть', 'поздравлять', 'слушать', 'счастие', 'музыка', 'праздник']","['песня', 'игра', 'играть', 'ребята', 'первый', 'купить', 'большой', 'клуб', 'фото', 'получать']","['любить', 'писать', 'такои', 'самый', 'лс', 'какои', 'фильм', 'цена', 'любимый', 'продавать']","['новый', 'ждать', 'новыя', 'этоя', 'проходить', 'месяц', 'первыя', 'трек', 'приходить', 'неделя']"
165,40,1,"['com', 'http', 'https', '_', 'ru', 'vk', 'id', 'www', 'amp', 'club']","['помогать', 'девочка', 'тело', 'нужный', 'писать', 'ждать', 'группа', 'неделя', 'месяц', 'приглашать']","['класс', 'мастер', 'город', 'книга', 'май', 'выставка', 'парк', 'концерт', 'снег', 'украина']","['цена', 'размер', 'купить', 'наличие', 'цвет', 'см', 'цветок', 'магазин', 'платье', 'качество']","['день', 'любить', 'новый', 'друг', 'ребенок', 'хороший', 'подарок', 'рождение', 'праздник', 'любовь']","['каждый', 'фото', 'человек', 'сеичас', 'какой', 'красота', 'сердце', 'рука', 'оставаться', 'такои']"
166,41,1,"['ребенок', 'проходить', 'класс', 'детея', 'город', 'первыя', 'школа', 'первый', 'детский', 'проводить']","['помогать', 'девочка', 'нужный', 'искать', 'дом', 'месяц', 'пожалуист', 'собака', 'просить', 'улица']","['com', 'https', 'http', 'цена', 'vk', 'ru', '_', 'id', 'www', 'размер']","['любить', 'день', 'любовь', 'друг', 'хороший', 'рождение', 'каждый', 'человек', 'новый', 'праздник']","['писать', 'возможность', 'вопрос', 'получать', 'группа', 'работа', 'работать', 'новый', 'рублея', 'скидка']","['цвет', 'кожа', 'лицо', 'волос', 'торт', 'вода', 'кг', 'косметика', 'аромат', 'рецепт']"
167,41,2,"['http', 'ru', 'com', 'https', 'www', 'html', 'цена', 'news', 'рублея', 'новость']","['друг', 'день', 'хороший', 'любовь', 'любить', 'праздник', 'рождение', 'ждать', 'здоровье', 'поздравлять']","['дом', 'квартира', 'кольцо', 'растение', 'петербург', 'наличие', 'проверять', 'окно', 'площадь', 'продукт']","['человек', 'каждый', 'сеичас', 'какой', 'путин', 'украина', 'страна', 'помогать', 'воин', 'знать']","['новый', '_', 'vk', 'id', 'группа', 'город', 'amp', 'новыя', 'фото', 'первый']","['youtube', 'видео', 'смотреть', 'песня', 'фильм', 'история', 'русский', 'сша', 'написать', 'watch']"
168,42,1,"['помогать', 'девочка', 'нужный', 'искать', 'месяц', 'собака', 'просить', 'звонить', 'хозяин', 'пожалуист']","['друг', 'любить', 'день', 'любовь', 'хороший', 'человек', 'рождение', 'новый', 'каждый', 'праздник']","['com', 'https', 'vk', 'http', '_', 'ru', 'id', 'amp', 'фото', 'мастер']","['видео', 'кожа', 'лицо', 'продукт', 'онлаин', 'бизнес', 'волос', 'тело', 'средство', 'аромат']","['цена', 'размер', 'см', 'наличие', 'цвет', 'качество', 'купить', 'вода', 'шт', 'рублея']","['класс', 'писать', 'город', 'группа', 'проходить', 'работа', 'принимать', 'вопрос', 'приглашать', 'первый']"
169,60,1,"['мамочка', 'любовь', 'душа', 'каждый', 'жить', 'человек', 'сеичас', 'мир', 'сердце', 'знать']","['http', 'com', 'ru', 'рождение', 'здоровье', 'https', 'vk', 'поздравлять', '_', 'открытка']","['ребенок', 'помогать', 'мама', 'большой', 'детея', 'такои', 'нужный', 'какой', 'художник', 'начинать']","['писать', 'видео', 'класс', 'город', 'фото', 'первый', 'встреча', 'работа', 'проходить', 'получать']","['рецепт', 'купить', 'простой', 'минута', 'вкусный', 'салат', 'готовить', 'цена', 'средство', 'результат']","['любить', 'день', 'хороший', 'друг', 'новый', 'дорогой', 'праздник', 'пусть', 'добрый', 'ждать']"
170,61,1,"['рецепт', 'простой', 'вкусный', 'фото', 'готовить', 'салат', 'минута', 'вкусныи', 'чай', 'приготавливать']","['день', 'любовь', 'друг', 'рождение', 'любить', 'пусть', 'здоровье', 'праздник', 'хороший', 'поздравлять']","['com', 'vk', 'http', 'ru', 'https', 'app', 'отправлять', '_', 'www', 'ranks']","['пирог', 'цветок', 'красота', 'класс', 'лето', 'весна', 'игра', 'проходить', 'небо', 'город']","['тесто', 'вкусно', 'домашний', 'девочка', 'масло', 'пирожок', 'кожа', 'рука', 'цвет', 'быстро']","['человек', 'помогать', 'какой', 'видео', 'сеичас', 'ребенок', 'смотреть', 'получать', 'каждый', 'приглашать']"
171,61,2,"['страна', 'новость', 'изображение', 'президент', 'украина', 'путин', 'сша', 'воин', 'министр', 'власть']","['заголовок', 'город', 'май', 'область', 'проходить', 'принимать', 'март', 'группа', 'ереван', 'раион']","['день', 'новый', 'друг', 'человек', 'хороший', 'gt', 'праздник', 'каждый', 'смотреть', 'поздравлять']","['видео', 'получать', 'россииский', 'сообщать', 'результат', 'решение', 'информация', 'турция', 'первыя', 'мир']","['http', 'ru', 'com', 'art', 'https', 'press', '_ ', 'feed', 'www', '_']","['армения', 'любовь', 'любить', 'жить', 'пусть', 'знать', 'пресс', 'душа', 'ребенок', 'песня']"
172,62,1,"['день', 'друг', 'любовь', 'пусть', 'рождение', 'здоровье', 'любить', 'хороший', 'праздник', 'поздравлять']","['игра', 'класс', 'проект', 'получать', 'книга', 'проходить', 'первый', 'страна', 'воин', 'город']","['ребенок', 'песня', 'мама', 'детея', 'фильм', 'русский', 'автор', 'стих', 'просить', 'читать']","['рецепт', 'facebook', 'youtube', 'фото', 'видео', 'простой', 'готовить', 'вкусный', 'минута', 'пирог']","['com', 'https', 'ru', 'www', 'http', 'vk', '_', 'be', 'отправлять', 'id']","['человек', 'помогать', 'какой', 'сеичас', 'писать', 'нужный', 'начинать', 'месяц', 'тело', 'быстро']"
